Workbook

Sheet Показники
A1: Показник | B1: Значення | C1: Пояснення
A2: Час армування (початок запису CSV) | B2: =CSV_QGC!A2 -> 46315.891 | C2: перший рядок CSV
A3: Момент відриву від землі (висота > 0,3 м) | B3: =_xlfn.MINIFS(CSV_QGC!A2:A661,CSV_QGC!O2:O661,">0.3") -> 46315.892 | C3: MINIFS
A4: Час торкання землі | B4: =_xlfn.MAXIFS(CSV_QGC!A2:A661,CSV_QGC!O2:O661,">0.3") -> 46315.899 | C4: MAXIFS
A5: Найбільша висота, м | B5: =MAX(CSV_QGC!O2:O661) -> 45.04944 | C5: altitudeRelative × 0,3048
A6: Найбільша повітряна швидкість, м/с | B6: =MAX(CSV_QGC!P2:P661) -> 3.978656 | C6: airSpeed × 0,44704
A7: Найбільша наземна швидкість, м/с | B7: =MAX(CSV_QGC!Q2:Q661) -> 4.02336 | C7: groundSpeed × 0,44704
A8: Від arm до disarm за годинником ПК, с | B8: =(CSV_QGC!A651-CSV_QGC!A2)*86400 -> 680.983 | C8: рядок, де flightTime перестає зростати
A9: Від зльоту до посадки за годинником ПК, с | B9: =(B4-B3)*86400 -> 629.389 | C9: реальний час, RTF ≈ 0,2
A10: Початкова координата lat | B10: =CSV_QGC!K2 -> -35.363262
A11: Початкова координата lon | B11: =CSV_QGC!L2 -> 149.16524
A12: Кінцева координата lat | B12: =CSV_QGC!K651 -> -35.363096
A13: Кінцева координата lon | B13: =CSV_QGC!L651 -> 149.1638
A14: Максимальний |roll|, град. | B14: =MAX(MAX(CSV_QGC!H2:H661),-MIN(CSV_QGC!H2:H661)) -> 4.9
A15: Середня висота на ділянці WP, м | B15: =AVERAGEIF(CSV_QGC!C2:C661,2,CSV_QGC!O2:O661) -> 44.991251 | C15: missionItemIndex = 2
A16: Відстань від H після посадки, м | B16: =CSV_QGC!M651*0.3048 -> 131.70408 | C16: distanceToHome × 0,3048
A17: Час зльоту (час автопілота), с | B17: 20.5 | C17: з .tlog: набір 0,2 → 44,9 м без зависання на 3 м
A18: Час польоту (час автопілота), с | B18: 131.8 | C18: з .tlog: від відриву до торкання
A19: Режими польоту | B19: GUIDED → AUTO | C19: HEARTBEAT.custom_mode: 4 → 3 (.tlog)
A20: Стан arm до / після місії | B20: DISARMED / DISARMED | C20: HEARTBEAT.base_mode: 81 / 89

Sheet Графіки

Sheet CSV_QGC
A1: Timestamp | B1: flightTime | C1: missionItemIndex | D1: altitudeRelative | E1: airSpeed | F1: groundSpeed | G1: climbRate | H1: roll | I1: pitch | J1: heading | K1: gps.lat | L1: gps.lon | M1: distanceToHome | N1: t, с | O1: Висота, м | P1: Повітряна шв., м/с | Q1: Наземна шв., м/с
A2: 46315.891 | B2: 00:00:00 | C2: 0 | D2: 0 | E2: 0 | F2: 0 | G2: 0 | H2: 0 | I2: 0 | J2: 0 | K2: -35.363262 | L2: 149.16524 | M2: 0 | N2: =(A2-$A$2)*86400 -> 0 | O2: =D2*0.3048 -> 0 | P2: =E2*0.44704 -> 0 | Q2: =F2*0.44704 -> 0
A3: 46315.891 | B3: 00:00:01 | C3: 0 | D3: 0 | E3: 0 | F3: 0 | G3: 0 | H3: 0 | I3: 0 | J3: 0 | K3: -35.363262 | L3: 149.16524 | M3: 0 | N3: =(A3-$A$2)*86400 -> 0.99099996 | O3: =D3*0.3048 -> 0 | P3: =E3*0.44704 -> 0 | Q3: =F3*0.44704 -> 0
A4: 46315.891 | B4: 00:00:01 | C4: 0 | D4: 0 | E4: 0 | F4: 0 | G4: 0 | H4: 0 | I4: 0 | J4: 0 | K4: -35.363262 | L4: 149.16524 | M4: 0 | N4: =(A4-$A$2)*86400 -> 1.9489999 | O4: =D4*0.3048 -> 0 | P4: =E4*0.44704 -> 0 | Q4: =F4*0.44704 -> 0
A5: 46315.891 | B5: 00:00:02 | C5: 0 | D5: 0 | E5: 0 | F5: 0 | G5: 0 | H5: 0 | I5: 0 | J5: 0 | K5: -35.363262 | L5: 149.16524 | M5: 0 | N5: =(A5-$A$2)*86400 -> 2.9320004 | O5: =D5*0.3048 -> 0 | P5: =E5*0.44704 -> 0 | Q5: =F5*0.44704 -> 0
A6: 46315.891 | B6: 00:00:03 | C6: 0 | D6: 0 | E6: 0 | F6: 0 | G6: 0 | H6: 0 | I6: 0 | J6: 0 | K6: -35.363262 | L6: 149.16524 | M6: 0 | N6: =(A6-$A$2)*86400 -> 3.9519997 | O6: =D6*0.3048 -> 0 | P6: =E6*0.44704 -> 0 | Q6: =F6*0.44704 -> 0
A7: 46315.891 | B7: 00:00:04 | C7: 0 | D7: 0 | E7: 0 | F7: 0 | G7: 0 | H7: 0 | I7: 0 | J7: 0 | K7: -35.363262 | L7: 149.16524 | M7: 0 | N7: =(A7-$A$2)*86400 -> 4.9420001 | O7: =D7*0.3048 -> 0 | P7: =E7*0.44704 -> 0 | Q7: =F7*0.44704 -> 0
A8: 46315.891 | B8: 00:00:05 | C8: 0 | D8: 0 | E8: 0 | F8: 0 | G8: 0 | H8: 0 | I8: 0 | J8: 0 | K8: -35.363262 | L8: 149.16524 | M8: 0 | N8: =(A8-$A$2)*86400 -> 5.9429998 | O8: =D8*0.3048 -> 0 | P8: =E8*0.44704 -> 0 | Q8: =F8*0.44704 -> 0
A9: 46315.891 | B9: 00:00:06 | C9: 0 | D9: 0 | E9: 0 | F9: 0 | G9: 0 | H9: 0 | I9: 0 | J9: 0 | K9: -35.363262 | L9: 149.16524 | M9: 0 | N9: =(A9-$A$2)*86400 -> 6.9289996 | O9: =D9*0.3048 -> 0 | P9: =E9*0.44704 -> 0 | Q9: =F9*0.44704 -> 0
A10: 46315.891 | B10: 00:00:07 | C10: 0 | D10: 0 | E10: 0 | F10: 0 | G10: 0 | H10: 0 | I10: 0 | J10: 0 | K10: -35.363262 | L10: 149.16524 | M10: 0 | N10: =(A10-$A$2)*86400 -> 7.9549999 | O10: =D10*0.3048 -> 0 | P10: =E10*0.44704 -> 0 | Q10: =F10*0.44704 -> 0
A11: 46315.891 | B11: 00:00:08 | C11: 0 | D11: 0 | E11: 0 | F11: 0 | G11: 0 | H11: 0 | I11: 0 | J11: 0 | K11: -35.363262 | L11: 149.16524 | M11: 0 | N11: =(A11-$A$2)*86400 -> 8.9369995 | O11: =D11*0.3048 -> 0 | P11: =E11*0.44704 -> 0 | Q11: =F11*0.44704 -> 0
A12: 46315.891 | B12: 00:00:09 | C12: 0 | D12: 0 | E12: 0 | F12: 0 | G12: 0 | H12: 0 | I12: 0 | J12: 0 | K12: -35.363262 | L12: 149.16524 | M12: 0 | N12: =(A12-$A$2)*86400 -> 9.9479998 | O12: =D12*0.3048 -> 0 | P12: =E12*0.44704 -> 0 | Q12: =F12*0.44704 -> 0
A13: 46315.891 | B13: 00:00:10 | C13: 0 | D13: 0 | E13: 0 | F13: 0 | G13: 0 | H13: 0 | I13: 0 | J13: 0 | K13: -35.363262 | L13: 149.16524 | M13: 0 | N13: =(A13-$A$2)*86400 -> 10.951 | O13: =D13*0.3048 -> 0 | P13: =E13*0.44704 -> 0 | Q13: =F13*0.44704 -> 0
... A661: 46315.899 | B661: 00:11:21 | C661: 1 | D661: 0 | E661: 0 | F661: 0 | G661: 0 | H661: 0 | I661: 0 | J661: 277 | K661: -35.363096 | L661: 149.1638 | M661: 432.1 | N661: =(A661-$A$2)*86400 -> 700.621 | O661: =D661*0.3048 -> 0 | P661: =E661*0.44704 -> 0 | Q661: =F661*0.44704 -> 0
